"ID","Name","Phylum","Class","Order","Family","Genus","Species","com_name"
1,"Com_10076_pos",NA,NA,NA,NA,NA,NA,"4-(3-Methyl-5-oxo-4,5-dihydro-1H-pyrazol-1-yl)benzoic acid"
2,"Com_1014_pos",NA,NA,NA,NA,NA,NA,"TNK"
3,"Com_10146_pos",NA,NA,NA,NA,NA,NA,"Piperine"
4,"Com_10176_pos",NA,NA,NA,NA,NA,NA,"octadec-9-ynoic acid"
5,"Com_1018_pos",NA,NA,NA,NA,NA,NA,"Cuminaldehyde"
6,"Com_10184_pos",NA,NA,NA,NA,NA,NA,"Glycerophosphocholine"
7,"Com_10198_pos",NA,NA,NA,NA,NA,NA,"LPC 21:0"
8,"Com_102_neg",NA,NA,NA,NA,NA,NA,"(+/-)9-HpODE"
9,"Com_10269_pos",NA,NA,NA,NA,NA,NA,"LDGTS 21:2"
10,"Com_1027_neg",NA,NA,NA,NA,NA,NA,"Miquelianin"
11,"Com_103_pos",NA,NA,NA,NA,NA,NA,"??-Eleostearic acid"
12,"Com_10372_neg",NA,NA,NA,NA,NA,NA,"MGDG (2:0/16:0)"
13,"Com_10399_pos",NA,NA,NA,NA,NA,NA,"6??-Hydroxyfluoxymesterone"
14,"Com_1042_pos",NA,NA,NA,NA,NA,NA,"Jasmone"
15,"Com_10448_pos",NA,NA,NA,NA,NA,NA,"N'-[6-(tert-butyl)thieno[3,2-d]pyrimidin-4-yl]-4-methylbenzohydrazide"
16,"Com_1066_neg",NA,NA,NA,NA,NA,NA,"(2??,3??,19??)-2,3,19-Trihydroxyolean-12-en-28-oic acid"
17,"Com_10686_pos",NA,NA,NA,NA,NA,NA,"1-(2,4-diphenyl-2,3-dihydro-1H-1,5-benzodiazepin-1-yl)propan-1-one"
18,"Com_10694_pos",NA,NA,NA,NA,NA,NA,"Bestatin"
19,"Com_1082_pos",NA,NA,NA,NA,NA,NA,"2-Methylbutyroylcarnitine"
20,"Com_10826_pos",NA,NA,NA,NA,NA,NA,"(2E)-3-(3,4-dimethoxyphenyl)prop-2-enoic acid"
21,"Com_1085_pos",NA,NA,NA,NA,NA,NA,"(5??,9??,16??)-17-Hydroxykauran-19-oic acid"
22,"Com_10858_pos",NA,NA,NA,NA,NA,NA,"3-Phosphonopropionic acid"
23,"Com_10872_neg",NA,NA,NA,NA,NA,NA,"(3R)-8-hydroxy-3-(4-methoxyphenyl)-3,4-dihydro-1H-2-benzopyran-1-one"
24,"Com_1092_pos",NA,NA,NA,NA,NA,NA,"2-Myristoylglycerol"
25,"Com_10920_pos",NA,NA,NA,NA,NA,NA,"Arachidonyl dopamine"
26,"Com_10926_pos",NA,NA,NA,NA,NA,NA,"1,3-Diphenylacetone"
27,"Com_10962_pos",NA,NA,NA,NA,NA,NA,"6-Hydroxymelatonin"
28,"Com_11_neg",NA,NA,NA,NA,NA,NA,"(??)9(10)-DiHOME"
29,"Com_11001_neg",NA,NA,NA,NA,NA,NA,"lipoamide"
30,"Com_11003_pos",NA,NA,NA,NA,NA,NA,"3-(allylsulfanyl)-4-[4-(benzyloxy)phenyl]-5-methyl-4H-1,2,4-triazole"
31,"Com_1103_pos",NA,NA,NA,NA,NA,NA,"(-)-Erythromycin"
32,"Com_11058_neg",NA,NA,NA,NA,NA,NA,"Phe-Phe"
33,"Com_1112_neg",NA,NA,NA,NA,NA,NA,"4-oxo-4,5,6,7-tetrahydrobenzo[b]furan-3-carboxylic acid"
34,"Com_11168_pos",NA,NA,NA,NA,NA,NA,"Sodium cholate"
35,"Com_11176_neg",NA,NA,NA,NA,NA,NA,"PA (14:0/19:1)"
36,"Com_11248_pos",NA,NA,NA,NA,NA,NA,"Acetylvardenafil"
37,"Com_11301_neg",NA,NA,NA,NA,NA,NA,"Guanosine-5'-monophosphate"
38,"Com_11447_neg",NA,NA,NA,NA,NA,NA,"3b,7b-Dihydroxy-5-androsten-17-one"
39,"Com_11460_pos",NA,NA,NA,NA,NA,NA,"LDGTS 19:2"
40,"Com_11490_pos",NA,NA,NA,NA,NA,NA,"3,3-dimethyl-2-morpholino-2,3-dihydrobenzo[b]furan-5-ol"
41,"Com_1150_pos",NA,NA,NA,NA,NA,NA,"Arachidonoyl ethanolamide phosphate"
42,"Com_11509_pos",NA,NA,NA,NA,NA,NA,"2-[(7-methyl-2,3-dihydro-1H-inden-4-yl)oxy]pyridin-3-amine"
43,"Com_11533_pos",NA,NA,NA,NA,NA,NA,"Cer-NDS (d20:0/16:0)"
44,"Com_11545_neg",NA,NA,NA,NA,NA,NA,"2-Hydroxy-2-methylbutanoic acid"
45,"Com_11575_pos",NA,NA,NA,NA,NA,NA,"EKK"
46,"Com_11581_neg",NA,NA,NA,NA,NA,NA,"Thr-Leu"
47,"Com_11588_pos",NA,NA,NA,NA,NA,NA,"4-oxo-4-[(1-phenylethyl)amino]but-2-enoic acid"
48,"Com_11615_neg",NA,NA,NA,NA,NA,NA,"N-benzyl-N-isopropyl-N'-[4-(trifluoromethoxy)phenyl]urea"
49,"Com_11625_neg",NA,NA,NA,NA,NA,NA,"N-Acetyl-L-aspartic acid"
50,"Com_11731_neg",NA,NA,NA,NA,NA,NA,"Ergothioneine"
51,"Com_11776_pos",NA,NA,NA,NA,NA,NA,"Neopterin"
52,"Com_11777_pos",NA,NA,NA,NA,NA,NA,"Perospirone"
53,"Com_11788_pos",NA,NA,NA,NA,NA,NA,"1-(4-hydroxyphenyl)propane-1,2-diol"
54,"Com_11795_pos",NA,NA,NA,NA,NA,NA,"Cyclobutyl fentanyl-d5"
55,"Com_118_pos",NA,NA,NA,NA,NA,NA,"Methoxyacetyl fentanyl-d5"
56,"Com_11861_pos",NA,NA,NA,NA,NA,NA,"(1R,2R)-trans-N-Boc-1,2-cyclohexanediamine"
57,"Com_11865_neg",NA,NA,NA,NA,NA,NA,"MGDG (4:0/18:2)"
58,"Com_11883_pos",NA,NA,NA,NA,NA,NA,"4-Methyl-2-pentanone"
59,"Com_11900_neg",NA,NA,NA,NA,NA,NA,"alpha-Benzylsuccinic acid"
60,"Com_1191_pos",NA,NA,NA,NA,NA,NA,"Nicotinuric acid"
61,"Com_11918_neg",NA,NA,NA,NA,NA,NA,"Dibenzoyl Thiamine"
62,"Com_11981_pos",NA,NA,NA,NA,NA,NA,"S-(Methyl)Glutathione"
63,"Com_12000_neg",NA,NA,NA,NA,NA,NA,"Thymidine 3,5-cyclic monophosphate"
64,"Com_12005_neg",NA,NA,NA,NA,NA,NA,"MGDG (14:1/20:5)"
65,"Com_1201_pos",NA,NA,NA,NA,NA,NA,"N2-neopentyl-5-methyl-1,3,4-thiadiazol-2-amine"
66,"Com_12026_pos",NA,NA,NA,NA,NA,NA,"GPK"
67,"Com_12046_pos",NA,NA,NA,NA,NA,NA,"TQH"
68,"Com_12100_pos",NA,NA,NA,NA,NA,NA,"SB 205607"
69,"Com_12112_pos",NA,NA,NA,NA,NA,NA,"LDGTS 16:0"
70,"Com_12113_pos",NA,NA,NA,NA,NA,NA,"DGTS (6:0/16:4)"
71,"Com_12141_pos",NA,NA,NA,NA,NA,NA,"Atropine"
72,"Com_12167_pos",NA,NA,NA,NA,NA,NA,"WLH"
73,"Com_12173_neg",NA,NA,NA,NA,NA,NA,"PI (2:0/4:0)"
74,"Com_12179_pos",NA,NA,NA,NA,NA,NA,"Traumatic acid"
75,"Com_12263_pos",NA,NA,NA,NA,NA,NA,"Pazufloxacin"
76,"Com_12329_pos",NA,NA,NA,NA,NA,NA,"4-(beta-D-Glucopyranosyloxy)-2-methylenebutanoic acid"
77,"Com_1234_neg",NA,NA,NA,NA,NA,NA,"N-(2,5-diethoxy-4-morpholinophenyl)-4-methoxybenzenesulfonamide"
78,"Com_12356_neg",NA,NA,NA,NA,NA,NA,"N-Acetyl-D-tryptophan"
79,"Com_12361_pos",NA,NA,NA,NA,NA,NA,"Pentazocine"
80,"Com_12377_pos",NA,NA,NA,NA,NA,NA,"LPE 17:0"
81,"Com_12458_pos",NA,NA,NA,NA,NA,NA,"1-(1-methyl-4-nitro-1H-imidazol-5-yl)-4-piperidinecarboxamide"
82,"Com_12537_pos",NA,NA,NA,NA,NA,NA,"(6E)-7-(2H-1,3-benzodioxol-5-yl)-1-(piperidin-1-yl)hept-6-en-1-one"
83,"Com_12607_pos",NA,NA,NA,NA,NA,NA,"(2??,3??,9??,17??,22R)-2,3,14,20,22-Pentahydroxyergost-7-en-6-one"
84,"Com_12636_pos",NA,NA,NA,NA,NA,NA,"PC (14:0e/3:0)"
85,"Com_12859_pos",NA,NA,NA,NA,NA,NA,"Choline bitartrate"
86,"Com_12867_pos",NA,NA,NA,NA,NA,NA,"5-[(2-chloro-6-phenoxybenzyl)amino]-3,3-dimethyl-5-oxopentanoic acid"
87,"Com_12881_pos",NA,NA,NA,NA,NA,NA,"Glycerol 3-phosphate"
88,"Com_1290_neg",NA,NA,NA,NA,NA,NA,"Glucosamine 6-sulfate"
89,"Com_12910_neg",NA,NA,NA,NA,NA,NA,"1-Methylguanosine"
90,"Com_12928_pos",NA,NA,NA,NA,NA,NA,"12,13-EODE"
91,"Com_12936_pos",NA,NA,NA,NA,NA,NA,"Kaempferol-3-Galactoside-6''-Rhamnoside-3'''-Rhamnoside"
92,"Com_12960_neg",NA,NA,NA,NA,NA,NA,"Pyrophosphate"
93,"Com_12970_pos",NA,NA,NA,NA,NA,NA,"N-lactoyl-phenylalanine"
94,"Com_12971_pos",NA,NA,NA,NA,NA,NA,"L-Normetanephrine"
95,"Com_130_neg",NA,NA,NA,NA,NA,NA,"p-Mentha-1,3,8-triene"
96,"Com_1301_pos",NA,NA,NA,NA,NA,NA,"4-(3,4-dimethylphenyl)-1-thia-4-azaspiro[4.5]decan-3-one"
97,"Com_13049_pos",NA,NA,NA,NA,NA,NA,"Hydroquinone"
98,"Com_13067_neg",NA,NA,NA,NA,NA,NA,"LPC 17:0"
99,"Com_13108_neg",NA,NA,NA,NA,NA,NA,"FAHFA (16:3/3:0)"
100,"Com_13135_pos",NA,NA,NA,NA,NA,NA,"5-amino-2-(dimethylamino)benzoic acid"
101,"Com_13199_pos",NA,NA,NA,NA,NA,NA,"PEtOH (16:0-22:3)"
102,"Com_1323_pos",NA,NA,NA,NA,NA,NA,"Trolox"
103,"Com_13316_neg",NA,NA,NA,NA,NA,NA,"Acetylcysteine"
104,"Com_1350_neg",NA,NA,NA,NA,NA,NA,"MGDG (18:3/18:5)"
105,"Com_13506_pos",NA,NA,NA,NA,NA,NA,"Glycoursodeoxycholic acid"
106,"Com_13507_pos",NA,NA,NA,NA,NA,NA,"Guanosine 3',5'-cyclic monophosphate"
107,"Com_13530_pos",NA,NA,NA,NA,NA,NA,"4-methyl-3-(methylthio)-5-undecyl-4H-1,2,4-triazole"
108,"Com_1355_pos",NA,NA,NA,NA,NA,NA,"2-(2-hydroxy-3-methylbutanamido)-4-methylpentanoic acid"
109,"Com_13593_neg",NA,NA,NA,NA,NA,NA,"Pseudouridine"
110,"Com_13599_neg",NA,NA,NA,NA,NA,NA,"MGDG (2:0/16:4)"
111,"Com_136_neg",NA,NA,NA,NA,NA,NA,"Docosahexanoic acid"
112,"Com_13651_pos",NA,NA,NA,NA,NA,NA,"Normorphine"
113,"Com_1366_pos",NA,NA,NA,NA,NA,NA,"UR-144 N-Heptyl analog"
114,"Com_13686_pos",NA,NA,NA,NA,NA,NA,"Adipamide"
115,"Com_13727_neg",NA,NA,NA,NA,NA,NA,"Rifapentine"
116,"Com_13813_pos",NA,NA,NA,NA,NA,NA,"Val-Ser"
117,"Com_13879_pos",NA,NA,NA,NA,NA,NA,"3-(5-phenyl-1,3-oxazol-2-yl)-4-(trifluoromethyl)pyridine"
118,"Com_13899_pos",NA,NA,NA,NA,NA,NA,"5-oxo-3-phenyl-5-(2-quinolinylamino)pentanoic acid"
119,"Com_1392_pos",NA,NA,NA,NA,NA,NA,"6-methoxy-2,3,4,9-tetrahydro-1H-beta-carbolin-1-one"
120,"Com_1393_pos",NA,NA,NA,NA,NA,NA,"6 ??-Hydroxycortisol"
121,"Com_13970_pos",NA,NA,NA,NA,NA,NA,"PE (15:0/15:0)"
122,"Com_14_pos",NA,NA,NA,NA,NA,NA,"Oleoyl ethylamide"
123,"Com_14037_pos",NA,NA,NA,NA,NA,NA,"Linolelaidic Acid (C18:2N6T)"
124,"Com_14086_pos",NA,NA,NA,NA,NA,NA,"6??-Naltrexol"
125,"Com_14106_pos",NA,NA,NA,NA,NA,NA,"Purpurin"
126,"Com_1421_pos",NA,NA,NA,NA,NA,NA,"15-Deoxy-??12,14-prostaglandin A1"
127,"Com_14211_pos",NA,NA,NA,NA,NA,NA,"1-(2-pyridin-2-yldiazenyl)-2-naphthol"
128,"Com_1428_neg",NA,NA,NA,NA,NA,NA,"8(R)-Hydroxy-(5Z,9E,11Z,14Z)-eicosatetraenoic acid"
129,"Com_14294_pos",NA,NA,NA,NA,NA,NA,"4-(cyclohexylmethyl)-6-(2-thienyl)-2,3-dihydropyridazin-3-one hydrate"
130,"Com_1431_neg",NA,NA,NA,NA,NA,NA,"5,6-dimethyl-3-[5-(trifluoromethyl)pyridin-2-yl]-1,2,4-triazine"
131,"Com_1434_pos",NA,NA,NA,NA,NA,NA,"Hexamethylene?0?2bisacetamide"
132,"Com_1435_neg",NA,NA,NA,NA,NA,NA,"LPG 18:1"
133,"Com_1436_pos",NA,NA,NA,NA,NA,NA,"16,16-Dimethyl prostaglandin A1"
134,"Com_14388_pos",NA,NA,NA,NA,NA,NA,"PC (18:3e/19:2)"
135,"Com_14390_neg",NA,NA,NA,NA,NA,NA,"PA (2:0/8:0)"
136,"Com_1440_pos",NA,NA,NA,NA,NA,NA,"(2R,3S,4S,5R,6R)-2-(hydroxymethyl)-6-(propan-2-yloxy)oxane-3,4,5-triol"
137,"Com_14474_pos",NA,NA,NA,NA,NA,NA,"Etiocholanolone"
138,"Com_14479_neg",NA,NA,NA,NA,NA,NA,"Eicosenoic acid"
139,"Com_1449_pos",NA,NA,NA,NA,NA,NA,"??-Linolenic acid ethyl ester"
140,"Com_14496_pos",NA,NA,NA,NA,NA,NA,"1,4-dihydroxy-1,4-dimethyl-7-(propan-2-ylidene)-decahydroazulen-6-one"
141,"Com_1452_neg",NA,NA,NA,NA,NA,NA,"Prostaglandin J2"
142,"Com_14547_pos",NA,NA,NA,NA,NA,NA,"Phenmetrazine"
143,"Com_14579_pos",NA,NA,NA,NA,NA,NA,"LDGTS 18:2"
144,"Com_1458_pos",NA,NA,NA,NA,NA,NA,"Caffeic acid"
145,"Com_14596_neg",NA,NA,NA,NA,NA,NA,"DGDG (16:0/16:1)"
146,"Com_1460_pos",NA,NA,NA,NA,NA,NA,"5??-Dihydrotestosterone"
147,"Com_14690_pos",NA,NA,NA,NA,NA,NA,"DGTS (2:0/16:2)"
148,"Com_147_pos",NA,NA,NA,NA,NA,NA,"Adenosine"
149,"Com_14739_pos",NA,NA,NA,NA,NA,NA,"3-Nitro-L-Tyrosine"
150,"Com_14803_pos",NA,NA,NA,NA,NA,NA,"Pantetheine"
151,"Com_14807_pos",NA,NA,NA,NA,NA,NA,"5,5-dimethyl-3-morpholinocyclohex-2-en-1-one"
152,"Com_14827_pos",NA,NA,NA,NA,NA,NA,"Biochanin A"
153,"Com_14840_pos",NA,NA,NA,NA,NA,NA,"N-({5-[(4-methylpiperazino)sulfonyl]-2-thienyl}methyl)benzamide"
154,"Com_1490_neg",NA,NA,NA,NA,NA,NA,"19(R)-Hydroxy prostaglandin F2??"
155,"Com_1493_neg",NA,NA,NA,NA,NA,NA,"15(R),19(R)-Hydroxy prostaglandin F2??"
156,"Com_14938_pos",NA,NA,NA,NA,NA,NA,"Oxaceprol"
157,"Com_14961_pos",NA,NA,NA,NA,NA,NA,"3-Aminotyrosine"
158,"Com_1497_neg",NA,NA,NA,NA,NA,NA,"MGDG (2:0/16:2)"
159,"Com_150_neg",NA,NA,NA,NA,NA,NA,"9-HpOTrE"
160,"Com_15005_pos",NA,NA,NA,NA,NA,NA,"7-methylpyrimido[4,5-d]pyrimidin-4-amine"
161,"Com_1502_pos",NA,NA,NA,NA,NA,NA,"Asp-Phe"
162,"Com_1504_neg",NA,NA,NA,NA,NA,NA,"PA (2:0/22:2)"
163,"Com_15121_pos",NA,NA,NA,NA,NA,NA,"Ouabain"
164,"Com_1518_neg",NA,NA,NA,NA,NA,NA,"2,3-Dinor-TXB2"
165,"Com_15237_pos",NA,NA,NA,NA,NA,NA,"N-Acetylglycine"
166,"Com_15244_pos",NA,NA,NA,NA,NA,NA,"N1-[4-(trifluoromethyl)phenyl]-2-phenylbutanamide"
167,"Com_1534_neg",NA,NA,NA,NA,NA,NA,"N-(6-chloro-1,3-benzothiazol-2-yl)-4-(trifluoromethyl)benzamide"
168,"Com_1535_neg",NA,NA,NA,NA,NA,NA,"17(S)-HpDHA"
169,"Com_15391_pos",NA,NA,NA,NA,NA,NA,"Benzyl 6-O-beta-D-glucopyranosyl-beta-D-glucopyranoside"
170,"Com_15421_pos",NA,NA,NA,NA,NA,NA,"3-Methoxytyramine"
171,"Com_15475_pos",NA,NA,NA,NA,NA,NA,"Chalcone"
172,"Com_15477_pos",NA,NA,NA,NA,NA,NA,"MGDG (21:0/18:4)"
173,"Com_15591_neg",NA,NA,NA,NA,NA,NA,"PI (16:2/21:2)"
174,"Com_15643_pos",NA,NA,NA,NA,NA,NA,"Thromoboxane B1"
175,"Com_15663_pos",NA,NA,NA,NA,NA,NA,"DAG (17:2/18:5)"
176,"Com_15696_pos",NA,NA,NA,NA,NA,NA,"4-Hydroxyisoleucine"
177,"Com_15712_pos",NA,NA,NA,NA,NA,NA,"Oleoyl-L-alpha-lysophosphatidic acid"
178,"Com_15757_neg",NA,NA,NA,NA,NA,NA,"Tris(2-carboxyethyl)phosphine"
179,"Com_15760_pos",NA,NA,NA,NA,NA,NA,"O3-(4-chlorobenzoyl)-6-(4-chlorophenoxy)pyridine-3-carbohydroximamide"
180,"Com_15769_neg",NA,NA,NA,NA,NA,NA,"1,7-Dimethylxanthine"
181,"Com_158_pos",NA,NA,NA,NA,NA,NA,"Lysine Butyrate"
182,"Com_15896_pos",NA,NA,NA,NA,NA,NA,"PE (14:1e/18:1)"
183,"Com_15921_pos",NA,NA,NA,NA,NA,NA,"N1-(1H-indol-4-yl)cyclohexane-1-carboxamide"
184,"Com_16009_pos",NA,NA,NA,NA,NA,NA,"PB-22 N-(4-Hydroxypentyl)-3-carboxyindole metabolite"
185,"Com_16023_pos",NA,NA,NA,NA,NA,NA,"2,6-Dimethyl-??-pyrone"
186,"Com_16146_neg",NA,NA,NA,NA,NA,NA,"MGDG (3:0/16:3)"
187,"Com_1615_pos",NA,NA,NA,NA,NA,NA,"N-acetyl-D-glucosamine"
188,"Com_16174_neg",NA,NA,NA,NA,NA,NA,"PI (2:0/22:4)"
189,"Com_1618_neg",NA,NA,NA,NA,NA,NA,"Melibiose"
190,"Com_16186_pos",NA,NA,NA,NA,NA,NA,"Vincristine"
191,"Com_1621_pos",NA,NA,NA,NA,NA,NA,"2-Amino-1,3,4-octadecanetriol"
192,"Com_16383_pos",NA,NA,NA,NA,NA,NA,"Zafirlukast"
193,"Com_1640_pos",NA,NA,NA,NA,NA,NA,"1-Palmitoylglycerol"
194,"Com_16457_pos",NA,NA,NA,NA,NA,NA,"2-(tert-butyl)-6,7-dimethoxy-4H-3,1-benzoxazin-4-one"
195,"Com_1646_pos",NA,NA,NA,NA,NA,NA,"tetranor-12(R)-HETE"
196,"Com_1651_pos",NA,NA,NA,NA,NA,NA,"N6-Isopentenyladenosine"
197,"Com_16527_neg",NA,NA,NA,NA,NA,NA,"PG (2:0/18:4)"
198,"Com_16537_pos",NA,NA,NA,NA,NA,NA,"Equol"
199,"Com_1654_pos",NA,NA,NA,NA,NA,NA,"Reserpine"
200,"Com_16565_pos",NA,NA,NA,NA,NA,NA,"3-O-??-D-Glucopyranosylandrographolide"
201,"Com_16579_pos",NA,NA,NA,NA,NA,NA,"Pleuromutilin"
202,"Com_16588_neg",NA,NA,NA,NA,NA,NA,"PA (2:0/22:3)"
203,"Com_16603_pos",NA,NA,NA,NA,NA,NA,"Taurocholic acid"
204,"Com_16627_neg",NA,NA,NA,NA,NA,NA,"LPG 17:0"
205,"Com_16637_pos",NA,NA,NA,NA,NA,NA,"3-methyl-5-oxo-5-(4-toluidino)pentanoic acid"
206,"Com_16640_neg",NA,NA,NA,NA,NA,NA,"5-(tert-butyl)-2-methyl-N-(5-methyl-3-isoxazolyl)-3-furamide"
207,"Com_16646_neg",NA,NA,NA,NA,NA,NA,"PC (4:0/16:3)"
208,"Com_16685_pos",NA,NA,NA,NA,NA,NA,"Agmatine"
209,"Com_16717_neg",NA,NA,NA,NA,NA,NA,"LPE 20:4"
210,"Com_16728_pos",NA,NA,NA,NA,NA,NA,"7-(3,4-dihydroxyphenyl)-5-hydroxy-1-(4-hydroxyphenyl)heptan-3-one"
211,"Com_1673_pos",NA,NA,NA,NA,NA,NA,"(3??,5??,9??)-3,6,19-Trihydroxyurs-12-en-28-oic acid"
212,"Com_1675_pos",NA,NA,NA,NA,NA,NA,"SM (d14:0/12:1)"
213,"Com_1679_neg",NA,NA,NA,NA,NA,NA,"Leucylproline"
214,"Com_1688_pos",NA,NA,NA,NA,NA,NA,"DAG (6:0/11:0)"
215,"Com_16941_pos",NA,NA,NA,NA,NA,NA,"Nodularin"
216,"Com_170_neg",NA,NA,NA,NA,NA,NA,"Azelaic acid"
217,"Com_17002_pos",NA,NA,NA,NA,NA,NA,"N2-(2,4-dimethylphenyl)-1,3-benzothiazol-2-amine"
218,"Com_17024_neg",NA,NA,NA,NA,NA,NA,"FAHFA (2:0/26:4)"
219,"Com_1709_neg",NA,NA,NA,NA,NA,NA,"19(R)-Hydroxy-prostaglandin E2"
220,"Com_1731_pos",NA,NA,NA,NA,NA,NA,"Docosapentaenoic acid"
221,"Com_17366_pos",NA,NA,NA,NA,NA,NA,"LPC 14:0"
222,"Com_17371_pos",NA,NA,NA,NA,NA,NA,"TAG (17:3-20:5-21:5)"
223,"Com_176_neg",NA,NA,NA,NA,NA,NA,"13,14-Dihydro-19(R)-hydroxy prostaglandin E1"
224,"Com_17617_pos",NA,NA,NA,NA,NA,NA,"3-(3,4-dimethylphenyl)-3,4-dihydro-1,2,3-benzotriazin-4-one"
225,"Com_17636_pos",NA,NA,NA,NA,NA,NA,"4-oxo-4-(5,6,7,8-tetrahydronaphthalen-1-ylamino)but-2-enoic acid"
226,"Com_177_neg",NA,NA,NA,NA,NA,NA,"11??-13,14-dihydro-15-keto Prostaglandin F2??"
227,"Com_17774_neg",NA,NA,NA,NA,NA,NA,"MGDG (2:0/4:0)"
228,"Com_180_neg",NA,NA,NA,NA,NA,NA,"FAHFA (2:0/16:2)"
229,"Com_18031_pos",NA,NA,NA,NA,NA,NA,"2-morpholinophenyl 1-methyl-1H-imidazole-4-sulfonate"
230,"Com_18039_neg",NA,NA,NA,NA,NA,NA,"FAHFA (9:0/22:4)"
231,"Com_18047_neg",NA,NA,NA,NA,NA,NA,"4-Hydroxyglucobrassicin"
232,"Com_18086_pos",NA,NA,NA,NA,NA,NA,"Lysope 14:0"
233,"Com_18091_pos",NA,NA,NA,NA,NA,NA,"farensyl diphosphate"
234,"Com_181_pos",NA,NA,NA,NA,NA,NA,"(12Z)-9,10,11-trihydroxyoctadec-12-enoic acid"
235,"Com_18120_neg",NA,NA,NA,NA,NA,NA,"Ala-trp"
236,"Com_1815_pos",NA,NA,NA,NA,NA,NA,"N-Benzylformamide"
237,"Com_18181_neg",NA,NA,NA,NA,NA,NA,"PS (7:0/16:3)"
238,"Com_18230_neg",NA,NA,NA,NA,NA,NA,"DGDG (16:2/22:5)"
239,"Com_1826_neg",NA,NA,NA,NA,NA,NA,"3-Hydroxybutyric acid"
240,"Com_18301_pos",NA,NA,NA,NA,NA,NA,"Methyl palmitate"
241,"Com_1831_neg",NA,NA,NA,NA,NA,NA,"Mevalonic acid"
242,"Com_18370_neg",NA,NA,NA,NA,NA,NA,"Epigallocatechin gallate"
243,"Com_1846_pos",NA,NA,NA,NA,NA,NA,"4-Phenyl-3-buten-2-one"
244,"Com_18549_pos",NA,NA,NA,NA,NA,NA,"CGS 12066B"
245,"Com_18580_pos",NA,NA,NA,NA,NA,NA,"WMH"
246,"Com_1870_neg",NA,NA,NA,NA,NA,NA,"MGDG (4:0/13:1)"
247,"Com_1876_neg",NA,NA,NA,NA,NA,NA,"trans-Petroselinic acid"
248,"Com_18774_neg",NA,NA,NA,NA,NA,NA,"7Z, 10Z, 13Z, 16Z, 19Z-docosapentaenoic acid"
249,"Com_18792_pos",NA,NA,NA,NA,NA,NA,"GlcADG (16:2-22:6)"
250,"Com_1880_neg",NA,NA,NA,NA,NA,NA,"Orotidine 5'-monophosphate"
251,"Com_18826_pos",NA,NA,NA,NA,NA,NA,"2'-fluoro-N-[3-(trifluoromethyl)phenyl][1,1'-biphenyl]-4-carboxamide"
252,"Com_18848_neg",NA,NA,NA,NA,NA,NA,"PI (7:0/7:0)"
253,"Com_18897_pos",NA,NA,NA,NA,NA,NA,"6-[(4-methylphenyl)sulfonyl]-6-azabicyclo[3.2.1]octane"
254,"Com_19_pos",NA,NA,NA,NA,NA,NA,"L-(+)-Citrulline"
255,"Com_1900_pos",NA,NA,NA,NA,NA,NA,"4-oxododecanedioic acid"
256,"Com_1904_neg",NA,NA,NA,NA,NA,NA,"Gibberellin A4"
257,"Com_19059_pos",NA,NA,NA,NA,NA,NA,"LDGTS 20:1"
258,"Com_1916_neg",NA,NA,NA,NA,NA,NA,"PA (2:0/20:2)"
259,"Com_1919_pos",NA,NA,NA,NA,NA,NA,"7-(2-hydroxypropan-2-yl)-1,4a-dimethyl-decahydronaphthalen-1-ol"
260,"Com_19265_pos",NA,NA,NA,NA,NA,NA,"(3-Methoxy-4-hydroxyphenyl)ethylene glycol sulfate"
261,"Com_19275_neg",NA,NA,NA,NA,NA,NA,"1-Methyladenosine"
262,"Com_1929_pos",NA,NA,NA,NA,NA,NA,"9,10-Dihome"
263,"Com_19365_neg",NA,NA,NA,NA,NA,NA,"PI (2:0/2:0)"
264,"Com_19405_pos",NA,NA,NA,NA,NA,NA,"Argininosuccinic acid"
265,"Com_19544_pos",NA,NA,NA,NA,NA,NA,"Acetaminophen glucuronide"
266,"Com_19578_pos",NA,NA,NA,NA,NA,NA,"8-Aminooctanoic acid"
267,"Com_19585_pos",NA,NA,NA,NA,NA,NA,"Gedunin"
268,"Com_1970_neg",NA,NA,NA,NA,NA,NA,"PA (15:0/20:4)"
269,"Com_19812_pos",NA,NA,NA,NA,NA,NA,"Histamine-trifluoromethyltoluide"
270,"Com_1987_pos",NA,NA,NA,NA,NA,NA,"Ethyl chrysanthemumate"
271,"Com_19951_pos",NA,NA,NA,NA,NA,NA,"Ergosterol"
272,"Com_2000_neg",NA,NA,NA,NA,NA,NA,"2-Aminoadipic acid"
273,"Com_20103_neg",NA,NA,NA,NA,NA,NA,"Gamma-Glu-Leu"
274,"Com_2019_neg",NA,NA,NA,NA,NA,NA,"Suberic acid"
275,"Com_2025_neg",NA,NA,NA,NA,NA,NA,"Undecanedioic acid"
276,"Com_20263_neg",NA,NA,NA,NA,NA,NA,"PI (2:0/12:0)"
277,"Com_20295_pos",NA,NA,NA,NA,NA,NA,"RMH"
278,"Com_20375_pos",NA,NA,NA,NA,NA,NA,"1-(4-pentylphenyl)ethylamine hydrochloride"
279,"Com_2048_neg",NA,NA,NA,NA,NA,NA,"Kaempferitrin"
280,"Com_20513_pos",NA,NA,NA,NA,NA,NA,"Coenzyme Q2"
281,"Com_20521_neg",NA,NA,NA,NA,NA,NA,"MGDG (7:0/16:4)"
282,"Com_20618_pos",NA,NA,NA,NA,NA,NA,"Biliverdin"
283,"Com_20627_pos",NA,NA,NA,NA,NA,NA,"4-Pregnen-17alpha,20alpha-Diol-3-One"
284,"Com_20656_pos",NA,NA,NA,NA,NA,NA,"PC (17:0/17:1)"
285,"Com_2066_neg",NA,NA,NA,NA,NA,NA,"Taurine"
286,"Com_2069_pos",NA,NA,NA,NA,NA,NA,"Roxane"
287,"Com_20699_pos",NA,NA,NA,NA,NA,NA,"2-Methylbutyl beta-D-glucopyranoside"
288,"Com_2071_pos",NA,NA,NA,NA,NA,NA,"1-(2,4-dihydroxyphenyl)-2-(3,5-dimethoxyphenyl)propan-1-one"
289,"Com_208_neg",NA,NA,NA,NA,NA,NA,"(+/-)11(12)-EET"
290,"Com_2081_pos",NA,NA,NA,NA,NA,NA,"Nicotinate ribonucleoside"
291,"Com_20821_pos",NA,NA,NA,NA,NA,NA,"Mezlocillin"
292,"Com_2088_neg",NA,NA,NA,NA,NA,NA,"PA (2:0/18:3)"
293,"Com_20930_pos",NA,NA,NA,NA,NA,NA,"LysoPE 18:0"
294,"Com_21014_neg",NA,NA,NA,NA,NA,NA,"Lysopc 16:1"
295,"Com_21022_pos",NA,NA,NA,NA,NA,NA,"Glutathione"
296,"Com_2103_pos",NA,NA,NA,NA,NA,NA,"N-Oleoyl Glycine"
297,"Com_21069_pos",NA,NA,NA,NA,NA,NA,"1-allyl-4,5-diphenyl-2-(2-thienyl)-1H-imidazole"
298,"Com_21086_pos",NA,NA,NA,NA,NA,NA,"Nicotinoylglycine"
299,"Com_2110_pos",NA,NA,NA,NA,NA,NA,"trans-Cinnamaldehyde"
300,"Com_21196_pos",NA,NA,NA,NA,NA,NA,"Milbemycin A4 oxime"
301,"Com_212_neg",NA,NA,NA,NA,NA,NA,"Corchorifatty acid F"
302,"Com_21360_pos",NA,NA,NA,NA,NA,NA,"Benzoylecgonine"
303,"Com_2157_pos",NA,NA,NA,NA,NA,NA,"4-Guanidinobutyric acid"
304,"Com_2159_neg",NA,NA,NA,NA,NA,NA,"PG (2:0/16:3)"
305,"Com_21598_pos",NA,NA,NA,NA,NA,NA,"Phylloquinone"
306,"Com_2162_neg",NA,NA,NA,NA,NA,NA,"N-Acetylneuraminic acid"
307,"Com_21692_pos",NA,NA,NA,NA,NA,NA,"4-(1-adamantyl)-2-methyl-1,3-thiazole"
308,"Com_21746_pos",NA,NA,NA,NA,NA,NA,"Liquiritigenin"
309,"Com_21897_pos",NA,NA,NA,NA,NA,NA,"3-(3-pyridinyl)propanoic acid"
310,"Com_219_neg",NA,NA,NA,NA,NA,NA,"3,5-dimethyl-N'-[4-(trifluoromethyl)benzoyl]isoxazole-4-carbohydrazide"
311,"Com_21919_neg",NA,NA,NA,NA,NA,NA,"PI (2:0/22:1)"
312,"Com_21922_neg",NA,NA,NA,NA,NA,NA,"4-Hydroxy-3-methylbenzoic acid"
313,"Com_21958_pos",NA,NA,NA,NA,NA,NA,"glutathione disulfide"
314,"Com_2199_pos",NA,NA,NA,NA,NA,NA,"Mecillinam"
315,"Com_2203_pos",NA,NA,NA,NA,NA,NA,"2-Arachidonoyl glycerol"
316,"Com_22052_neg",NA,NA,NA,NA,NA,NA,"P-Coumaroyl Agmatine"
317,"Com_2212_neg",NA,NA,NA,NA,NA,NA,"Dehydrocholic acid"
318,"Com_2233_neg",NA,NA,NA,NA,NA,NA,"5-[(Benzoyloxy)methyl]-4,5,6-trihydroxy-2-cyclohexen-1-yl benzoate"
319,"Com_22446_pos",NA,NA,NA,NA,NA,NA,"2-Furoic acid"
320,"Com_2265_pos",NA,NA,NA,NA,NA,NA,"DRH"
321,"Com_2269_neg",NA,NA,NA,NA,NA,NA,"Naringin"
322,"Com_22940_pos",NA,NA,NA,NA,NA,NA,"ethyl 1-(4-acetyl-2-aminophenyl)piperidine-4-carboxylate"
323,"Com_23_pos",NA,NA,NA,NA,NA,NA,"Hexadecanamide"
324,"Com_232_pos",NA,NA,NA,NA,NA,NA,"2-[(3S)-1-(2-Chlorobenzyl)-3-pyrrolidinyl]-5-methyl-1,3,4-oxadiazole"
325,"Com_2349_pos",NA,NA,NA,NA,NA,NA,"Carvone"
326,"Com_23516_pos",NA,NA,NA,NA,NA,NA,"Galactitol"
327,"Com_23534_pos",NA,NA,NA,NA,NA,NA,"4,5,7-Trihydroxyisoflavone"
328,"Com_2360_pos",NA,NA,NA,NA,NA,NA,"10-Camphorsulfonic acid"
329,"Com_2363_neg",NA,NA,NA,NA,NA,NA,"S-Adenosyl-methionine"
330,"Com_237_neg",NA,NA,NA,NA,NA,NA,"10-Undecenoic acid"
331,"Com_2378_pos",NA,NA,NA,NA,NA,NA,"Racecadotril"
332,"Com_23789_pos",NA,NA,NA,NA,NA,NA,"5-Nonyloxytryptamine"
333,"Com_23854_pos",NA,NA,NA,NA,NA,NA,"ethyl 4-({[(3-morpholinopropyl)amino]carbothioyl}amino)benzoate"
334,"Com_2389_neg",NA,NA,NA,NA,NA,NA,"N1-isopropyl-2-(1H-2-pyrrolylcarbonyl)-1-hydrazinecarboxamide"
335,"Com_23938_pos",NA,NA,NA,NA,NA,NA,"Narasin"
336,"Com_23987_pos",NA,NA,NA,NA,NA,NA,"N'-[4-(tert-butyl)phenyl]-N-cyclohexyl-N-methylurea"
337,"Com_24046_pos",NA,NA,NA,NA,NA,NA,"Erucic acid"
338,"Com_2411_neg",NA,NA,NA,NA,NA,NA,"trans-2-Butene-1,4-dicarboxylic Acid"
339,"Com_24247_pos",NA,NA,NA,NA,NA,NA,"SQDG (16:1/20:3)"
340,"Com_243_neg",NA,NA,NA,NA,NA,NA,"1a,1b-Dihomo prostaglandin E1"
341,"Com_2469_neg",NA,NA,NA,NA,NA,NA,"2-Deoxyribose 5-phosphate"
342,"Com_24741_pos",NA,NA,NA,NA,NA,NA,"PC (2:0/16:2)"
343,"Com_2485_pos",NA,NA,NA,NA,NA,NA,"(2E)-6-hydroxy-2-methyl-6-(4-methylphenyl)hept-2-enoic acid"
344,"Com_2491_neg",NA,NA,NA,NA,NA,NA,"PI (2:0/24:4)"
345,"Com_24969_pos",NA,NA,NA,NA,NA,NA,"2'-O-Methyl-5-methyluridine"
346,"Com_25_pos",NA,NA,NA,NA,NA,NA,"DL-Stachydrine"
347,"Com_25089_pos",NA,NA,NA,NA,NA,NA,"2'-O-Methyluridine"
348,"Com_25104_pos",NA,NA,NA,NA,NA,NA,"5-(tert-butyl)-2-methyl-N-(4-nitrophenyl)-3-furamide"
349,"Com_2515_pos",NA,NA,NA,NA,NA,NA,"LDGTS 8:0"
350,"Com_25313_pos",NA,NA,NA,NA,NA,NA,"Indole-3-acetamide"
351,"Com_25379_pos",NA,NA,NA,NA,NA,NA,"RMK"
352,"Com_2542_pos",NA,NA,NA,NA,NA,NA,"??-Hydroxyalprazolam"
353,"Com_25429_pos",NA,NA,NA,NA,NA,NA,"RNK"
354,"Com_25519_pos",NA,NA,NA,NA,NA,NA,"Ergocalciferol"
355,"Com_2552_neg",NA,NA,NA,NA,NA,NA,"PC (5:0/13:1)"
356,"Com_25574_pos",NA,NA,NA,NA,NA,NA,"N-Methyloctan-1-amine"
357,"Com_2577_pos",NA,NA,NA,NA,NA,NA,"5'-S-Methyl-5'-thioadenosine"
358,"Com_2588_pos",NA,NA,NA,NA,NA,NA,"5-(2,5-dihydroxyhexyl)oxolan-2-one"
359,"Com_25905_pos",NA,NA,NA,NA,NA,NA,"Tyrosine"
360,"Com_25912_pos",NA,NA,NA,NA,NA,NA,"Fenoldopam"
361,"Com_25936_pos",NA,NA,NA,NA,NA,NA,"Testosterone"
362,"Com_2609_pos",NA,NA,NA,NA,NA,NA,"YNH"
363,"Com_26097_pos",NA,NA,NA,NA,NA,NA,"N-Stearoyl taurine"
364,"Com_26195_pos",NA,NA,NA,NA,NA,NA,"HexCer-NDS (d26:0/14:0)"
365,"Com_2624_neg",NA,NA,NA,NA,NA,NA,"4-Allyl-2-(??-D-glucopyranosyloxy)phenyl ??-D-glucopyranoside"
366,"Com_26260_pos",NA,NA,NA,NA,NA,NA,"LysoPC 10:0"
367,"Com_2633_neg",NA,NA,NA,NA,NA,NA,"PI (2:0/21:1)"
368,"Com_2633_pos",NA,NA,NA,NA,NA,NA,"Rizatriptan"
369,"Com_2672_pos",NA,NA,NA,NA,NA,NA,"Sinapinic acid"
370,"Com_27058_pos",NA,NA,NA,NA,NA,NA,"DL-Norvaline"
371,"Com_2709_pos",NA,NA,NA,NA,NA,NA,"Apigenin"
372,"Com_2716_neg",NA,NA,NA,NA,NA,NA,"3'-Adenosine monophosphate (3'-AMP)"
373,"Com_27219_pos",NA,NA,NA,NA,NA,NA,"6-phospho-D-glucono-1,5-lactone"
374,"Com_2722_neg",NA,NA,NA,NA,NA,NA,"6-Keto-prostaglandin f1alpha"
375,"Com_27227_pos",NA,NA,NA,NA,NA,NA,"N-(5-acetamidopentyl)acetamide"
376,"Com_2744_pos",NA,NA,NA,NA,NA,NA,"2,5-bis(4-hydroxy-3-methoxyphenyl)-3,4-dimethyloxolan-3-ol"
377,"Com_27440_pos",NA,NA,NA,NA,NA,NA,"5-(hydroxymethyl)-4-methoxy-2,5-dihydrofuran-2-one"
378,"Com_27448_pos",NA,NA,NA,NA,NA,NA,"Estropipate"
379,"Com_275_pos",NA,NA,NA,NA,NA,NA,"5-hydroxy-4-methoxy-5,6-dihydro-2H-pyran-2-one"
380,"Com_27520_pos",NA,NA,NA,NA,NA,NA,"Abscisic acid"
381,"Com_27670_pos",NA,NA,NA,NA,NA,NA,"3-Phosphoglyceric acid"
382,"Com_27675_pos",NA,NA,NA,NA,NA,NA,"S-Lactoyglutathione"
383,"Com_2768_neg",NA,NA,NA,NA,NA,NA,"MGDG (2:0/3:0)"
384,"Com_2775_neg",NA,NA,NA,NA,NA,NA,"gamma-Glutamylmethionine"
385,"Com_2797_pos",NA,NA,NA,NA,NA,NA,"N-Acetyl-DL-glutamic acid"
386,"Com_2798_pos",NA,NA,NA,NA,NA,NA,"DGTS (5:0/13:1)"
387,"Com_28_pos",NA,NA,NA,NA,NA,NA,"5-OxoETE"
388,"Com_2802_pos",NA,NA,NA,NA,NA,NA,"9-KODE"
389,"Com_28025_pos",NA,NA,NA,NA,NA,NA,"gamma-Glutamylglutamic acid"
390,"Com_28084_pos",NA,NA,NA,NA,NA,NA,"Anastrozole"
391,"Com_281_neg",NA,NA,NA,NA,NA,NA,"Trehalose-6-phosphate"
392,"Com_28128_pos",NA,NA,NA,NA,NA,NA,"Phlorobenzophenone"
393,"Com_2814_pos",NA,NA,NA,NA,NA,NA,"Sedanolide"
394,"Com_28186_pos",NA,NA,NA,NA,NA,NA,"7-Hydroxy-3,4-dihydrocarbostyril"
395,"Com_2838_pos",NA,NA,NA,NA,NA,NA,"Oleoyl ethanolamide"
396,"Com_2840_pos",NA,NA,NA,NA,NA,NA,"7-(2-aminophenyl)heptanoic acid"
397,"Com_28510_pos",NA,NA,NA,NA,NA,NA,"Nervonic acid"
398,"Com_28642_pos",NA,NA,NA,NA,NA,NA,"Lysope 16:0"
399,"Com_2881_pos",NA,NA,NA,NA,NA,NA,"3-hydroxy-3-methylpentanedioic acid"
400,"Com_2916_pos",NA,NA,NA,NA,NA,NA,"SNK"
401,"Com_2921_pos",NA,NA,NA,NA,NA,NA,"Zolmitriptan"
402,"Com_2931_pos",NA,NA,NA,NA,NA,NA,"1-hydroxy-1-(4-methoxyphenyl)propan-2-yl 4-methoxybenzoate"
403,"Com_29336_pos",NA,NA,NA,NA,NA,NA,"LPC 9:0"
404,"Com_29393_pos",NA,NA,NA,NA,NA,NA,"Pantethine"
405,"Com_2960_pos",NA,NA,NA,NA,NA,NA,"10-Nitrolinoleate"
406,"Com_2966_pos",NA,NA,NA,NA,NA,NA,"Kanosamine"
407,"Com_297_neg",NA,NA,NA,NA,NA,NA,"Acetylenedicarboxylic acid"
408,"Com_2970_pos",NA,NA,NA,NA,NA,NA,"2,6-Diaminopimelic acid"
409,"Com_2980_pos",NA,NA,NA,NA,NA,NA,"Irinotecan"
410,"Com_3097_pos",NA,NA,NA,NA,NA,NA,"Thromboxane B2"
411,"Com_311_neg",NA,NA,NA,NA,NA,NA,"Psilocybin"
412,"Com_3118_neg",NA,NA,NA,NA,NA,NA,"2-(2-chlorophenyl)-1H-indole"
413,"Com_3162_neg",NA,NA,NA,NA,NA,NA,"Pentadecanoic acid"
414,"Com_3169_neg",NA,NA,NA,NA,NA,NA,"LPA 20:0"
415,"Com_3177_neg",NA,NA,NA,NA,NA,NA,"GlcADG (18:2-20:5)"
416,"Com_3188_pos",NA,NA,NA,NA,NA,NA,"11-Deoxy prostaglandin F1??"
417,"Com_3208_pos",NA,NA,NA,NA,NA,NA,"Trigonelline"
418,"Com_3415_neg",NA,NA,NA,NA,NA,NA,"N7-Methylguanosine"
419,"Com_343_pos",NA,NA,NA,NA,NA,NA,"Nicotinic acid"
420,"Com_3430_neg",NA,NA,NA,NA,NA,NA,"MGDG (2:0/13:1)"
421,"Com_3475_pos",NA,NA,NA,NA,NA,NA,"Cycloheximide"
422,"Com_348_pos",NA,NA,NA,NA,NA,NA,"2,4-Dimethylbenzaldehyde"
423,"Com_3516_neg",NA,NA,NA,NA,NA,NA,"LPI 8:0"
424,"Com_3555_pos",NA,NA,NA,NA,NA,NA,"2,3-Dinor-11??-prostaglandin F2??"
425,"Com_3559_neg",NA,NA,NA,NA,NA,NA,"Uridine 5'-diphosphogalactose"
426,"Com_3573_pos",NA,NA,NA,NA,NA,NA,"LDGTS 9:0"
427,"Com_358_pos",NA,NA,NA,NA,NA,NA,"Pyrogallol"
428,"Com_3591_pos",NA,NA,NA,NA,NA,NA,"DGTS (6:0/16:3)"
429,"Com_3601_pos",NA,NA,NA,NA,NA,NA,"N-[(4-hydroxy-3-methoxyphenyl)methyl]-8-methylnonanamide"
430,"Com_3609_pos",NA,NA,NA,NA,NA,NA,"(3??,5??,9??)-3,23-Dihydroxy-1-oxoolean-12-en-28-oic acid"
431,"Com_3616_neg",NA,NA,NA,NA,NA,NA,"PI (2:0/20:1)"
432,"Com_3682_pos",NA,NA,NA,NA,NA,NA,"Diflorasone"
433,"Com_3683_pos",NA,NA,NA,NA,NA,NA,"17??-Hydroxy-androstano[3,2-c]isoxazole"
434,"Com_371_pos",NA,NA,NA,NA,NA,NA,"Cytosine"
435,"Com_374_neg",NA,NA,NA,NA,NA,NA,"6-methyl-2-oxo-4,6-diphenyl-1,2,5,6-tetrahydropyridine-3-carbonitrile"
436,"Com_3767_neg",NA,NA,NA,NA,NA,NA,"N1-(2-methyl-4-nitrophenyl)acetamide"
437,"Com_3849_neg",NA,NA,NA,NA,NA,NA,"(S)-2-Hydroxybutanoicacid"
438,"Com_3876_pos",NA,NA,NA,NA,NA,NA,"L-Cystathionine"
439,"Com_3881_neg",NA,NA,NA,NA,NA,NA,"Adipic acid"
440,"Com_3900_pos",NA,NA,NA,NA,NA,NA,"4-methoxy-6-[2-(4-methoxyphenyl)ethyl]-2H-pyran-2-one"
441,"Com_3983_pos",NA,NA,NA,NA,NA,NA,"L-Alanyl-L-proline"
442,"Com_3990_pos",NA,NA,NA,NA,NA,NA,"N1-cyclooctyl-4-hydroxy-1-piperidinecarbothioamide"
443,"Com_4_neg",NA,NA,NA,NA,NA,NA,"(+/-)12(13)-DiHOME"
444,"Com_4017_neg",NA,NA,NA,NA,NA,NA,"O1-(4-chlorobenzoyl)-4-nitrobenzene-1-carbohydroximamide"
445,"Com_4018_neg",NA,NA,NA,NA,NA,NA,"Phenylpyruvic acid"
446,"Com_4062_pos",NA,NA,NA,NA,NA,NA,"LDGTS 18:1"
447,"Com_4081_neg",NA,NA,NA,NA,NA,NA,"Royal jelly acid"
448,"Com_4087_pos",NA,NA,NA,NA,NA,NA,"Valerophenone"
449,"Com_41_pos",NA,NA,NA,NA,NA,NA,"L-Pyroglutamic acid"
450,"Com_4171_neg",NA,NA,NA,NA,NA,NA,"DGDG (8:0/8:0)"
451,"Com_4185_pos",NA,NA,NA,NA,NA,NA,"SM (d14:0/12:0)"
452,"Com_4224_pos",NA,NA,NA,NA,NA,NA,"Lysope 18:1"
453,"Com_4250_neg",NA,NA,NA,NA,NA,NA,"OxPI (16:0-18:3+1O)"
454,"Com_4256_pos",NA,NA,NA,NA,NA,NA,"Styrene"
455,"Com_4271_pos",NA,NA,NA,NA,NA,NA,"2-Methoxyestrone"
456,"Com_428_neg",NA,NA,NA,NA,NA,NA,"3,8,9-trihydroxy-10-propyl-3,4,5,8,9,10-hexahydro-2H-oxecin-2-one"
457,"Com_4284_neg",NA,NA,NA,NA,NA,NA,"DGDG (16:2/20:5)"
458,"Com_43_pos",NA,NA,NA,NA,NA,NA,"Stearamide"
459,"Com_4317_pos",NA,NA,NA,NA,NA,NA,"Sulfamerazine"
460,"Com_4342_neg",NA,NA,NA,NA,NA,NA,"[1,1'-biphenyl]-2,2'-dicarboxylic acid"
461,"Com_4342_pos",NA,NA,NA,NA,NA,NA,"2,4-dihydroxyheptadec-16-en-1-yl acetate"
462,"Com_4349_pos",NA,NA,NA,NA,NA,NA,"L-Fucose"
463,"Com_4362_neg",NA,NA,NA,NA,NA,NA,"??-Estradiol 3,17-disulfate"
464,"Com_4371_neg",NA,NA,NA,NA,NA,NA,"PI (2:0/8:0)"
465,"Com_4397_pos",NA,NA,NA,NA,NA,NA,"3-hydroxy-1,5-diphenylpentan-1-one"
466,"Com_4425_pos",NA,NA,NA,NA,NA,NA,"N-(1,3-benzodioxol-5-yl)-2-methyl-5-(piperidinosulfonyl)-3-furamide"
467,"Com_4470_pos",NA,NA,NA,NA,NA,NA,"Ingenol-3-angelate"
468,"Com_4474_pos",NA,NA,NA,NA,NA,NA,"Sodium [dodecanoyl(methyl)amino]acetate"
469,"Com_45_pos",NA,NA,NA,NA,NA,NA,"9-Oxo-ODE"
470,"Com_4502_pos",NA,NA,NA,NA,NA,NA,"YLK"
471,"Com_4511_pos",NA,NA,NA,NA,NA,NA,"Methylimidazoleacetic acid"
472,"Com_453_neg",NA,NA,NA,NA,NA,NA,"tetranor-PGFM"
473,"Com_4538_pos",NA,NA,NA,NA,NA,NA,"Nobiletin"
474,"Com_4543_pos",NA,NA,NA,NA,NA,NA,"1-(4-benzylpiperazino)-2-(pyridin-2-ylamino)propan-1-one"
475,"Com_4623_pos",NA,NA,NA,NA,NA,NA,"2,6-Di-tert-butyl-1,4-benzoquinone"
476,"Com_4626_pos",NA,NA,NA,NA,NA,NA,"1,3-Dihydro-1,3,3-trimethyl-2H-indol-2-ylidene acetaldehyde"
477,"Com_463_neg",NA,NA,NA,NA,NA,NA,"11-keto Testosterone (CRM)"
478,"Com_4639_pos",NA,NA,NA,NA,NA,NA,"1-Naphthol"
479,"Com_4640_pos",NA,NA,NA,NA,NA,NA,"Biopterin"
480,"Com_4645_neg",NA,NA,NA,NA,NA,NA,"PA (2:0/5:0)"
481,"Com_4668_neg",NA,NA,NA,NA,NA,NA,"acetoacetate"
482,"Com_467_neg",NA,NA,NA,NA,NA,NA,"4-Acetyl-3-hydroxy-5-methylphenyl ??-D-glucopyranoside"
483,"Com_4678_neg",NA,NA,NA,NA,NA,NA,"2-Hydroxy-2-methyl-3-buten-1-yl beta-D-glucopyranoside"
484,"Com_4687_pos",NA,NA,NA,NA,NA,NA,"3-hydroxy-N-(1-hydroxy-4-methylpentan-2-yl)-5-oxo-6-phenylhexanamide"
485,"Com_47_neg",NA,NA,NA,NA,NA,NA,"D-(-)-Fructose"
486,"Com_470_pos",NA,NA,NA,NA,NA,NA,"Diacetoxyscirpenol"
487,"Com_4705_pos",NA,NA,NA,NA,NA,NA,"Triethanolamine"
488,"Com_4721_pos",NA,NA,NA,NA,NA,NA,"HKK"
489,"Com_4734_pos",NA,NA,NA,NA,NA,NA,"2-(2-oxo-2-{[2-(2-oxo-1-imidazolidinyl)ethyl]amino}ethoxy)acetic acid"
490,"Com_474_neg",NA,NA,NA,NA,NA,NA,"Arachidonic acid"
491,"Com_4748_neg",NA,NA,NA,NA,NA,NA,"Cer-ADS (d28:0/32:1)"
492,"Com_4752_neg",NA,NA,NA,NA,NA,NA,"Anacardic acid"
493,"Com_4761_neg",NA,NA,NA,NA,NA,NA,"2-Hydroxycaproic acid"
494,"Com_4784_neg",NA,NA,NA,NA,NA,NA,"N1-(1,3-diphenyl-1H-pyrazol-5-yl)-2-chlorobenzamide"
495,"Com_4789_pos",NA,NA,NA,NA,NA,NA,"2-(acetyloxy)-3-amino-1-[1,2-di(acetyloxy)ethyl]-3-oxopropyl acetate"
496,"Com_48_pos",NA,NA,NA,NA,NA,NA,"15(R)-Prostaglandin D2"
497,"Com_4832_neg",NA,NA,NA,NA,NA,NA,"Meclocycline"
498,"Com_4838_pos",NA,NA,NA,NA,NA,NA,"N1-(4-methylidene-3-thia-1-azaspiro[4.5]dec-2-yliden)-2-chloroaniline"
499,"Com_4863_pos",NA,NA,NA,NA,NA,NA,"Octyl hydrogen phthalate"
500,"Com_4866_pos",NA,NA,NA,NA,NA,NA,"2-(benzylthio)-1-phenethyl-5-(trifluoromethyl)-1H-benzo[d]imidazole"
501,"Com_4871_pos",NA,NA,NA,NA,NA,NA,"Celestolide"
502,"Com_4872_pos",NA,NA,NA,NA,NA,NA,"Perillartine"
503,"Com_4921_pos",NA,NA,NA,NA,NA,NA,"2-(3,4-dihydroxyphenyl)acetamide"
504,"Com_4957_pos",NA,NA,NA,NA,NA,NA,"2-Thio-acetyl MAGE"
505,"Com_4966_neg",NA,NA,NA,NA,NA,NA,"PA (2:0/16:4)"
506,"Com_497_neg",NA,NA,NA,NA,NA,NA,"8(S),15(S)-DiHETE"
507,"Com_4999_pos",NA,NA,NA,NA,NA,NA,"LDGTS 22:4"
508,"Com_508_pos",NA,NA,NA,NA,NA,NA,"tert-Butyl N-[1-(aminocarbonyl)-3-methylbutyl]carbamate"
509,"Com_5100_pos",NA,NA,NA,NA,NA,NA,"Lithocholic acid"
510,"Com_5116_pos",NA,NA,NA,NA,NA,NA,"5-Hydroxy-L-lysine"
511,"Com_5134_pos",NA,NA,NA,NA,NA,NA,"Irganox 259"
512,"Com_5149_pos",NA,NA,NA,NA,NA,NA,"5-Methylcytosine"
513,"Com_5160_neg",NA,NA,NA,NA,NA,NA,"1,5-Anhydro-D-glucitol"
514,"Com_5172_pos",NA,NA,NA,NA,NA,NA,"4-(2,4-difluorophenoxy)-N'-hydroxy-3-nitrobenzenecarboximidamide"
515,"Com_52_neg",NA,NA,NA,NA,NA,NA,"2-C-methyl D-erythritol 4-phosphate"
516,"Com_520_neg",NA,NA,NA,NA,NA,NA,"N1-[4-(2-thienylthio)phenyl]-4-chlorobenzamide"
517,"Com_5219_pos",NA,NA,NA,NA,NA,NA,"2-methyl-1,2-dihydrophthalazin-1-one"
518,"Com_522_neg",NA,NA,NA,NA,NA,NA,"N-(4-chlorophenyl)-N'-cyclohexylthiourea"
519,"Com_5258_pos",NA,NA,NA,NA,NA,NA,"Troxipide"
520,"Com_5274_neg",NA,NA,NA,NA,NA,NA,"(-)-Epicatechin gallate"
521,"Com_53_pos",NA,NA,NA,NA,NA,NA,"Inositol"
522,"Com_5355_pos",NA,NA,NA,NA,NA,NA,"Allantoin"
523,"Com_5370_pos",NA,NA,NA,NA,NA,NA,"Serotonin"
524,"Com_5398_neg",NA,NA,NA,NA,NA,NA,"Laricitrin"
525,"Com_542_neg",NA,NA,NA,NA,NA,NA,"2-{2-oxo-2-[(2-oxo-3-azepanyl)amino]ethoxy}acetic acid"
526,"Com_5424_neg",NA,NA,NA,NA,NA,NA,"2-[(3S)-1-(Cyclohexylmethyl)-3-pyrrolidinyl]-5-fluoro-1H-benzimidazole"
527,"Com_5433_pos",NA,NA,NA,NA,NA,NA,"7-hydroxy-5-methoxy-2-phenyl-3,4-dihydro-2H-1-benzopyran-4-one"
528,"Com_5434_neg",NA,NA,NA,NA,NA,NA,"Phellamurin"
529,"Com_5441_pos",NA,NA,NA,NA,NA,NA,"Tolterodine"
530,"Com_5447_pos",NA,NA,NA,NA,NA,NA,"16,16-Dimethyl prostaglandin A2"
531,"Com_5448_pos",NA,NA,NA,NA,NA,NA,"LDGTS 20:3"
532,"Com_5460_pos",NA,NA,NA,NA,NA,NA,"PD 0200347"
533,"Com_547_neg",NA,NA,NA,NA,NA,NA,"6-styryl-3-phenyl-2,5-dihydro-1,2,4-triazin-5-one"
534,"Com_5487_pos",NA,NA,NA,NA,NA,NA,"Cocaethylene"
535,"Com_5603_neg",NA,NA,NA,NA,NA,NA,"DGDG (2:0/14:0)"
536,"Com_5612_pos",NA,NA,NA,NA,NA,NA,"Stiripentol"
537,"Com_5654_pos",NA,NA,NA,NA,NA,NA,"Roseoflavin"
538,"Com_5684_neg",NA,NA,NA,NA,NA,NA,"LPA 21:2"
539,"Com_571_neg",NA,NA,NA,NA,NA,NA,"D-(-)-Salicin"
540,"Com_5713_neg",NA,NA,NA,NA,NA,NA,"LL-2,6-Diaminopimelate"
541,"Com_5753_pos",NA,NA,NA,NA,NA,NA,"Noroxycodone-d3"
542,"Com_5754_neg",NA,NA,NA,NA,NA,NA,"Adrenic acid"
543,"Com_577_neg",NA,NA,NA,NA,NA,NA,"PG (2:0/5:0)"
544,"Com_578_pos",NA,NA,NA,NA,NA,NA,"2-hydroxy-6-[(8Z,11Z)-pentadeca-8,11,14-trien-1-yl]benzoic acid"
545,"Com_579_pos",NA,NA,NA,NA,NA,NA,"Tetranor-12(S)-HETE"
546,"Com_5796_pos",NA,NA,NA,NA,NA,NA,"S-(5-Adenosy)-L-Homocysteine"
547,"Com_58_pos",NA,NA,NA,NA,NA,NA,"Prostaglandin E1"
548,"Com_5817_pos",NA,NA,NA,NA,NA,NA,"8-{[4-(1H-pyrrol-1-yl)piperidino]sulfonyl}quinoline"
549,"Com_5825_pos",NA,NA,NA,NA,NA,NA,"(-)-Epigallocatechin"
550,"Com_5885_pos",NA,NA,NA,NA,NA,NA,"RNH"
551,"Com_5889_pos",NA,NA,NA,NA,NA,NA,"2,2,5,5-tetramethyl-2,5-dihydro-1H-pyrrole-3-carboxamide"
552,"Com_5947_neg",NA,NA,NA,NA,NA,NA,"Valylproline"
553,"Com_6_pos",NA,NA,NA,NA,NA,NA,"Betaine"
554,"Com_60_pos",NA,NA,NA,NA,NA,NA,"Oleamide"
555,"Com_6003_neg",NA,NA,NA,NA,NA,NA,"L-Phenylalanine"
556,"Com_602_neg",NA,NA,NA,NA,NA,NA,"3-Hydroxy-3-methylglutaric acid"
557,"Com_6040_neg",NA,NA,NA,NA,NA,NA,"Glutaconic acid"
558,"Com_6044_pos",NA,NA,NA,NA,NA,NA,"Terbutaline"
559,"Com_605_pos",NA,NA,NA,NA,NA,NA,"all-cis-4,7,10,13,16-Docosapentaenoic acid"
560,"Com_6062_neg",NA,NA,NA,NA,NA,NA,"MGDG (2:0/15:0)"
561,"Com_6074_neg",NA,NA,NA,NA,NA,NA,"(3??,9??)-3,14-Dihydroxycarda-5,20(22)-dienolide"
562,"Com_6096_pos",NA,NA,NA,NA,NA,NA,"3,14-dihydro-15-keto-tetranor Prostaglandin E2"
563,"Com_6120_pos",NA,NA,NA,NA,NA,NA,"N6,N6,N6-Trimethyl-L-lysine"
564,"Com_6165_pos",NA,NA,NA,NA,NA,NA,"methyl 2-[(2-acetyl-3-oxo-1-butenyl)amino]acetate"
565,"Com_6173_pos",NA,NA,NA,NA,NA,NA,"3,4-MDEA-d5"
566,"Com_6192_neg",NA,NA,NA,NA,NA,NA,"L-(+)-Tartaric acid"
567,"Com_6204_pos",NA,NA,NA,NA,NA,NA,"Monolaurin"
568,"Com_6270_neg",NA,NA,NA,NA,NA,NA,"Sinalbin"
569,"Com_6278_neg",NA,NA,NA,NA,NA,NA,"D-ribose 5-phosphate"
570,"Com_6282_neg",NA,NA,NA,NA,NA,NA,"O1-[4-(tert-butyl)benzoyl]-2-(tert-butylsulfonyl)ethanehydroximamide"
571,"Com_6358_pos",NA,NA,NA,NA,NA,NA,"5-[4-(4-methoxyphenoxy)phenyl]-1H-pyrazole"
572,"Com_6368_pos",NA,NA,NA,NA,NA,NA,"TAG (13:1-14:3-14:3)"
573,"Com_6379_pos",NA,NA,NA,NA,NA,NA,"N-(2,3-dihydro-1H-inden-2-yl)-4-hydroxybutanamide"
574,"Com_6392_neg",NA,NA,NA,NA,NA,NA,"MGDG (2:0/20:5)"
575,"Com_6395_pos",NA,NA,NA,NA,NA,NA,"4-heptyl-3-methyl-1H-pyrazol-5-ol"
576,"Com_6407_neg",NA,NA,NA,NA,NA,NA,"Dimetghyl 4-Hydroxyisophthalate"
577,"Com_6408_neg",NA,NA,NA,NA,NA,NA,"Ursodeoxycholic acid"
578,"Com_645_neg",NA,NA,NA,NA,NA,NA,"Geranylgeranyl pyrophosphate"
579,"Com_6455_pos",NA,NA,NA,NA,NA,NA,"Glycerol 1-hexadecanoate"
580,"Com_6493_pos",NA,NA,NA,NA,NA,NA,"N-(3-methyl-1-phenyl-1H-pyrazol-5-yl)-2-morpholinoacetamide"
581,"Com_6521_neg",NA,NA,NA,NA,NA,NA,"4,5-Dicaffeoylquinic acid"
582,"Com_6544_pos",NA,NA,NA,NA,NA,NA,"2-[(1-benzothiophen-3-ylmethyl)amino]-1-phenylethan-1-ol"
583,"Com_6609_pos",NA,NA,NA,NA,NA,NA,"L-694,247"
584,"Com_6638_neg",NA,NA,NA,NA,NA,NA,"Flavin mononucleotide (FMN)"
585,"Com_6645_pos",NA,NA,NA,NA,NA,NA,"cyclohexyl[4-(2-methoxyphenyl)piperidino]methanone"
586,"Com_665_neg",NA,NA,NA,NA,NA,NA,"Terephthalic acid"
587,"Com_6668_neg",NA,NA,NA,NA,NA,NA,"PA (4:0/25:0)"
588,"Com_6685_pos",NA,NA,NA,NA,NA,NA,"3-Hydroxylidocaine"
589,"Com_676_neg",NA,NA,NA,NA,NA,NA,"Carboxyibuprofen"
590,"Com_6784_pos",NA,NA,NA,NA,NA,NA,"3-(4-hydroxy-3-methoxyphenyl)propanoic acid"
591,"Com_6789_neg",NA,NA,NA,NA,NA,NA,"16-(Hexopyranosyloxy)-7-hydroxy-8,9-epoxypimaran-18-oic acid"
592,"Com_6796_neg",NA,NA,NA,NA,NA,NA,"4-Hydroxy-6-methyl-2-pyrone"
593,"Com_6797_pos",NA,NA,NA,NA,NA,NA,"5-(2-chlorophenyl)-3-morpholinoisothiazole-4-carbonitrile"
594,"Com_68_pos",NA,NA,NA,NA,NA,NA,"13,14-Dihydro-15-keto Prostaglandin A2"
595,"Com_6830_neg",NA,NA,NA,NA,NA,NA,"D-Sedoheptulose 7-phosphate"
596,"Com_6871_pos",NA,NA,NA,NA,NA,NA,"2-[(3S)-1-(4-Chlorobenzyl)-3-pyrrolidinyl]-1-methyl-1H-benzimidazole"
597,"Com_6875_pos",NA,NA,NA,NA,NA,NA,"4-Methylumbelliferone hydrate"
598,"Com_688_neg",NA,NA,NA,NA,NA,NA,"FAHFA (10:0/9:0)"
599,"Com_6890_neg",NA,NA,NA,NA,NA,NA,"Panose"
600,"Com_6895_neg",NA,NA,NA,NA,NA,NA,"2-Hydroxy-6-Aminopurine"
601,"Com_691_pos",NA,NA,NA,NA,NA,NA,"5-Methyluridine"
602,"Com_7_pos",NA,NA,NA,NA,NA,NA,"Fenpropimorph"
603,"Com_7001_pos",NA,NA,NA,NA,NA,NA,"6??-Hydroxy budesonide"
604,"Com_7004_pos",NA,NA,NA,NA,NA,NA,"N1-(2,3-dihydro-1,4-benzodioxin-2-ylmethyl)-2,2-dimethylpropanamide"
605,"Com_7038_pos",NA,NA,NA,NA,NA,NA,"ethyl 3-oxo-3-(1H-pyrazol-5-ylamino)propanoate"
606,"Com_716_pos",NA,NA,NA,NA,NA,NA,"Choline"
607,"Com_7169_neg",NA,NA,NA,NA,NA,NA,"DGDG (14:0/16:2)"
608,"Com_7170_pos",NA,NA,NA,NA,NA,NA,"LPC 16:2"
609,"Com_7181_pos",NA,NA,NA,NA,NA,NA,"3-chloro-4-methylquinolin-2-ol"
610,"Com_725_pos",NA,NA,NA,NA,NA,NA,"15-Acetyldeoxynivalenol"
611,"Com_7250_pos",NA,NA,NA,NA,NA,NA,"Enrofloxacin"
612,"Com_7275_neg",NA,NA,NA,NA,NA,NA,"PG (2:0/18:3)"
613,"Com_7280_neg",NA,NA,NA,NA,NA,NA,"PG (2:0/2:0)"
614,"Com_7348_pos",NA,NA,NA,NA,NA,NA,"Tramadol N-Oxide"
615,"Com_738_neg",NA,NA,NA,NA,NA,NA,"MGDG (14:1/18:3)"
616,"Com_7434_neg",NA,NA,NA,NA,NA,NA,"MGDG (9:0/9:0)"
617,"Com_745_neg",NA,NA,NA,NA,NA,NA,"PA (7:0/22:6)"
618,"Com_7458_pos",NA,NA,NA,NA,NA,NA,"4-(methylthio)-6-phenyl-2-(3-pyridyl)pyrimidine-5-carbonitrile"
619,"Com_7502_neg",NA,NA,NA,NA,NA,NA,"Ornithine"
620,"Com_754_pos",NA,NA,NA,NA,NA,NA,"L-2-Aminoadipic acid"
621,"Com_7574_neg",NA,NA,NA,NA,NA,NA,"D-Sphingosine"
622,"Com_768_neg",NA,NA,NA,NA,NA,NA,"15(S)-HpETE"
623,"Com_7729_pos",NA,NA,NA,NA,NA,NA,"4-benzylidene-2-phenyltetrahydroisoxazole-3,5-dione"
624,"Com_7854_pos",NA,NA,NA,NA,NA,NA,"Linalool"
625,"Com_7866_pos",NA,NA,NA,NA,NA,NA,"(2E)-N-(4-acetamidobutyl)-3-(4-hydroxy-3-methoxyphenyl)prop-2-enamide"
626,"Com_7871_pos",NA,NA,NA,NA,NA,NA,"??-Zearalanol"
627,"Com_79_neg",NA,NA,NA,NA,NA,NA,"Tetranor-12R-HETE"
628,"Com_7914_pos",NA,NA,NA,NA,NA,NA,"6-O-(2-Methylbutanoyl)-??-D-glucopyranosyl ??-D-glucopyranoside"
629,"Com_7934_neg",NA,NA,NA,NA,NA,NA,"Deoxycytidine"
630,"Com_7943_pos",NA,NA,NA,NA,NA,NA,"PE (16:0/16:1)"
631,"Com_8000_pos",NA,NA,NA,NA,NA,NA,"Citrinin"
632,"Com_8007_neg",NA,NA,NA,NA,NA,NA,"nor-6??-Oxycodol"
633,"Com_8019_pos",NA,NA,NA,NA,NA,NA,"PE (6:0/18:2)"
634,"Com_8057_neg",NA,NA,NA,NA,NA,NA,"Homovanillic acid"
635,"Com_808_pos",NA,NA,NA,NA,NA,NA,"KPH"
636,"Com_811_neg",NA,NA,NA,NA,NA,NA,"2-Hydroxymyristic acid"
637,"Com_811_pos",NA,NA,NA,NA,NA,NA,"QPH"
638,"Com_8137_pos",NA,NA,NA,NA,NA,NA,"2-(1-adamantyl)-1-morpholinoethan-1-one"
639,"Com_814_neg",NA,NA,NA,NA,NA,NA,"Prostaglandin H2"
640,"Com_8140_pos",NA,NA,NA,NA,NA,NA,"5??-Pregnan-3,20-dione"
641,"Com_8178_neg",NA,NA,NA,NA,NA,NA,"PI (2:0/6:0)"
642,"Com_82_pos",NA,NA,NA,NA,NA,NA,"Octadecanedioic acid"
643,"Com_8201_pos",NA,NA,NA,NA,NA,NA,"2-furyl[4-(1H-indol-4-yl)piperazino]methanone"
644,"Com_8203_neg",NA,NA,NA,NA,NA,NA,"LPC 18:2"
645,"Com_8267_pos",NA,NA,NA,NA,NA,NA,"YLH"
646,"Com_8276_neg",NA,NA,NA,NA,NA,NA,"LPA 19:2"
647,"Com_8280_neg",NA,NA,NA,NA,NA,NA,"4-Butylresorcinol"
648,"Com_8285_pos",NA,NA,NA,NA,NA,NA,"Robinin"
649,"Com_83_pos",NA,NA,NA,NA,NA,NA,"6,15-diketo-13,14-dihydro Prostaglandin F1??"
650,"Com_831_pos",NA,NA,NA,NA,NA,NA,"16-Heptadecyne-1,2,4-triol"
651,"Com_8335_pos",NA,NA,NA,NA,NA,NA,"All trans-Retinal"
652,"Com_838_neg",NA,NA,NA,NA,NA,NA,"N-[2,5-bis(2,2,2-trifluoroethoxy)benzoyl]-N'-(4-methoxyphenyl)urea"
653,"Com_839_neg",NA,NA,NA,NA,NA,NA,"N-[4-(diethylamino)phenyl]-N'-phenylurea"
654,"Com_8394_neg",NA,NA,NA,NA,NA,NA,"DGDG (9:0/9:0)"
655,"Com_8439_pos",NA,NA,NA,NA,NA,NA,"Zolpidem-d6"
656,"Com_8446_neg",NA,NA,NA,NA,NA,NA,"LPC 16:1"
657,"Com_847_pos",NA,NA,NA,NA,NA,NA,"6-Methylquinoline"
658,"Com_8474_pos",NA,NA,NA,NA,NA,NA,"LPC 24:4"
659,"Com_857_pos",NA,NA,NA,NA,NA,NA,"(5Z)-3-aminonon-5-enoic acid"
660,"Com_8577_neg",NA,NA,NA,NA,NA,NA,"PC (9:0/9:0)"
661,"Com_860_pos",NA,NA,NA,NA,NA,NA,"Dihexyl nonanedioate"
662,"Com_8601_pos",NA,NA,NA,NA,NA,NA,"2-Aminopimelic acid"
663,"Com_8609_pos",NA,NA,NA,NA,NA,NA,"SM (d14:2/14:1)"
664,"Com_8659_pos",NA,NA,NA,NA,NA,NA,"Albendazole-2-aminosulfone"
665,"Com_8662_pos",NA,NA,NA,NA,NA,NA,"L-Dopa"
666,"Com_867_pos",NA,NA,NA,NA,NA,NA,"11-Dehydro thromboxane B2"
667,"Com_8674_neg",NA,NA,NA,NA,NA,NA,"LPE 18:1"
668,"Com_8686_pos",NA,NA,NA,NA,NA,NA,"5-Fluoro-2-[(3S)-1-(2-fluorobenzyl)-3-pyrrolidinyl]-1H-benzimidazole"
669,"Com_8697_pos",NA,NA,NA,NA,NA,NA,"5-trans-Prostaglandin E2"
670,"Com_8705_pos",NA,NA,NA,NA,NA,NA,"FQH"
671,"Com_874_neg",NA,NA,NA,NA,NA,NA,"Chlorogenic acid"
672,"Com_8765_pos",NA,NA,NA,NA,NA,NA,"Kanamycin"
673,"Com_8874_neg",NA,NA,NA,NA,NA,NA,"(+/-)-CP 47,497-C7-Hydroxy metabolite"
674,"Com_8901_pos",NA,NA,NA,NA,NA,NA,"4-butyl-4-(hydroxymethyl)-1,2-diphenylpyrazolidine-3,5-dione"
675,"Com_8963_neg",NA,NA,NA,NA,NA,NA,"LPE 17:1"
676,"Com_9014_neg",NA,NA,NA,NA,NA,NA,"Aflatoxin G2"
677,"Com_9064_neg",NA,NA,NA,NA,NA,NA,"13,14-dihydro-15-keto-PGD2"
678,"Com_912_pos",NA,NA,NA,NA,NA,NA,"Diaminopimelic acid"
679,"Com_9122_neg",NA,NA,NA,NA,NA,NA,"PI (2:0/11:0)"
680,"Com_916_neg",NA,NA,NA,NA,NA,NA,"1a,1b-Dihomo prostaglandin F2??"
681,"Com_918_neg",NA,NA,NA,NA,NA,NA,"P-Toluenesulfonic acid"
682,"Com_9192_pos",NA,NA,NA,NA,NA,NA,"Veratramine"
683,"Com_9293_pos",NA,NA,NA,NA,NA,NA,"(2S)-2-(2-hydroxypropan-2-yl)-2H,3H,7H-furo[3,2-g]chromen-7-one"
684,"Com_9298_neg",NA,NA,NA,NA,NA,NA,"PA (7:0/8:0)"
685,"Com_9320_pos",NA,NA,NA,NA,NA,NA,"15-Deoxy-??12,14-prostaglandin J2-2-glycerol ester"
686,"Com_9327_pos",NA,NA,NA,NA,NA,NA,"Senecionine"
687,"Com_9339_pos",NA,NA,NA,NA,NA,NA,"D-Phenylalanine"
688,"Com_9363_neg",NA,NA,NA,NA,NA,NA,"DGDG (2:0/16:2)"
689,"Com_9385_pos",NA,NA,NA,NA,NA,NA,"6-methyl-5-nitroquinoline"
690,"Com_940_pos",NA,NA,NA,NA,NA,NA,"??-Lapachone"
691,"Com_9411_pos",NA,NA,NA,NA,NA,NA,"7-{[(2E)-3,7-dimethylocta-2,6-dien-1-yl]oxy}-2H-chromen-2-one"
692,"Com_9453_neg",NA,NA,NA,NA,NA,NA,"5beta-Androstane-3,17-dione"
693,"Com_9498_pos",NA,NA,NA,NA,NA,NA,"4'-Methoxyacetophenone"
694,"Com_9512_pos",NA,NA,NA,NA,NA,NA,"Tyrosylalanine"
695,"Com_9513_pos",NA,NA,NA,NA,NA,NA,"ethyl 4-amino-2-[(3-nitro-2-pyridyl)thio]pyrimidine-5-carboxylate"
696,"Com_9517_neg",NA,NA,NA,NA,NA,NA,"LPC 19:1"
697,"Com_9522_pos",NA,NA,NA,NA,NA,NA,"N,5-diphenyl-1,3,4-oxadiazole-2-carboxamide"
698,"Com_9550_pos",NA,NA,NA,NA,NA,NA,"LDGTS 17:2"
699,"Com_9552_pos",NA,NA,NA,NA,NA,NA,"2-morpholino-1-phenyl-1-ethanol"
700,"Com_96_neg",NA,NA,NA,NA,NA,NA,"2-Furoylglycine"
701,"Com_9625_pos",NA,NA,NA,NA,NA,NA,"N1-{4-[2-cyano-2-(4-nitrophenyl)vinyl]phenyl}acetamide"
702,"Com_963_pos",NA,NA,NA,NA,NA,NA,"Pantothenic acid"
703,"Com_969_neg",NA,NA,NA,NA,NA,NA,"2-(3,4-dimethoxyphenyl)ethanamine"
704,"Com_971_pos",NA,NA,NA,NA,NA,NA,"16(R)-HETE"
705,"Com_9778_neg",NA,NA,NA,NA,NA,NA,"LPC 18:1"
706,"Com_9844_pos",NA,NA,NA,NA,NA,NA,"(??)5(6)-DiHET"
707,"Com_9846_neg",NA,NA,NA,NA,NA,NA,"7-(4-methylpiperazino)pyrimido[4,5-d]pyrimidine-2,4(1H,3H)-dithione"
708,"Com_9857_neg",NA,NA,NA,NA,NA,NA,"3-(2,4-difluoroanilino)-2-(2-thienylsulfonyl)acrylonitrile"
709,"Com_9902_pos",NA,NA,NA,NA,NA,NA,"N,N'-bis(2,6-diisopropylphenyl)carbodiimide"
710,"Com_9948_pos",NA,NA,NA,NA,NA,NA,"Isobutyryl carnitine"
711,"Zotu1","Proteobacteria","Gammaproteobacteria","Pseudomonadales","Moraxellaceae","Acinetobacter",NA,NA
712,"Zotu10","Firmicutes","Bacilli","Bacillales","Bacillaceae","Bacillus",NA,NA
713,"Zotu100","Proteobacteria","Alphaproteobacteria","Rhizobiales","Xanthobacteraceae","Pseudolabrys","uncultured Caulobacterales bacterium",NA
714,"Zotu104","Cyanobacteria","Oxyphotobacteria","Chloroplast",NA,NA,NA,NA
715,"Zotu114","Actinobacteria","Actinobacteria","Streptomycetales","Streptomycetaceae","Streptomyces",NA,NA
716,"Zotu119","Proteobacteria","Alphaproteobacteria","Sphingomonadales","Sphingomonadaceae","Sphingomonas",NA,NA
717,"Zotu12","Proteobacteria","Alphaproteobacteria","Rhizobiales","Rhizobiaceae","Ensifer",NA,NA
718,"Zotu125","Cyanobacteria","Oxyphotobacteria","Nostocales",NA,NA,NA,NA
719,"Zotu128","Proteobacteria","Alphaproteobacteria","Sphingomonadales","Sphingomonadaceae","Sphingomonas","Sphingomonas sp. ID0634",NA
720,"Zotu13","Proteobacteria","Alphaproteobacteria","Sphingomonadales","Sphingomonadaceae","Sphingomonas","Sphingomonas sp. ZY-3",NA
721,"Zotu130","Proteobacteria","Alphaproteobacteria","Sphingomonadales","Sphingomonadaceae","Sphingomonas",NA,NA
722,"Zotu14","Firmicutes","Bacilli","Bacillales","Bacillaceae","Bacillus",NA,NA
723,"Zotu146","Proteobacteria","Gammaproteobacteria","Gammaproteobacteria Incertae Sedis","Unknown Family","Acidibacter","Punica granatum (pomegranate)",NA
724,"Zotu165","Actinobacteria","Actinobacteria","Streptomycetales","Streptomycetaceae","Streptomyces",NA,NA
725,"Zotu167","Acidobacteria","Acidobacteriia","Acidobacteriales","uncultured","bacterium Ellin7529",NA,NA
726,"Zotu169","Actinobacteria","Actinobacteria","Pseudonocardiales","Pseudonocardiaceae","Amycolatopsis",NA,NA
727,"Zotu187","Cyanobacteria","Oxyphotobacteria","Nostocales","Coleofasciculaceae","Microcoleus Es-Yyy1400","Microcoleus paludosus Es_Yyy1400",NA
728,"Zotu192","Firmicutes","Bacilli","Lactobacillales","Streptococcaceae","Streptococcus",NA,NA
729,"Zotu2","Proteobacteria","Alphaproteobacteria","Rhizobiales","Rhizobiaceae","Allorhizobium-Neorhizobium-Pararhizobium-Rhizobium",NA,NA
730,"Zotu202","Proteobacteria","Alphaproteobacteria","Sphingomonadales","Sphingomonadaceae","Sphingomonas",NA,NA
731,"Zotu219","Proteobacteria","Gammaproteobacteria","Enterobacteriales","Enterobacteriaceae",NA,NA,NA
732,"Zotu222","Actinobacteria","Actinobacteria","Propionibacteriales","Propionibacteriaceae","Cutibacterium",NA,NA
733,"Zotu23","Acidobacteria","Blastocatellia (Subgroup 4)","Blastocatellales","Blastocatellaceae","uncultured","uncultured Acidobacteriales bacterium",NA
734,"Zotu24","Proteobacteria","Alphaproteobacteria","Sphingomonadales","Sphingomonadaceae","Sphingomonas",NA,NA
735,"Zotu26","Proteobacteria","Alphaproteobacteria","Rhizobiales","Rhizobiaceae","Allorhizobium-Neorhizobium-Pararhizobium-Rhizobium",NA,NA
736,"Zotu30","Firmicutes","Bacilli","Bacillales","Bacillaceae","Bacillus",NA,NA
737,"Zotu31","Proteobacteria","Alphaproteobacteria","Caulobacterales","Caulobacteraceae","Brevundimonas",NA,NA
738,"Zotu314","Acidobacteria","Acidobacteriia","Solibacterales","Solibacteraceae (Subgroup 3)","Candidatus Solibacter","bacterium Ellin6505",NA
739,"Zotu32","Actinobacteria","Actinobacteria","Streptomycetales","Streptomycetaceae","Streptomyces",NA,NA
740,"Zotu33","Proteobacteria","Gammaproteobacteria","Betaproteobacteriales","Burkholderiaceae","Burkholderia-Caballeronia-Paraburkholderia",NA,NA
741,"Zotu339","Actinobacteria","Actinobacteria","Streptomycetales","Streptomycetaceae","Streptomyces",NA,NA
742,"Zotu343","Proteobacteria","Gammaproteobacteria","Betaproteobacteriales","Nitrosomonadaceae","MND1",NA,NA
743,"Zotu36","Acidobacteria","Blastocatellia (Subgroup 4)","Blastocatellales","Blastocatellaceae","JGI 0001001-H03","uncultured bacterium 164",NA
744,"Zotu44","Proteobacteria","Alphaproteobacteria","Rhizobiales","Xanthobacteraceae","Bradyrhizobium",NA,NA
745,"Zotu45","Proteobacteria","Gammaproteobacteria","Enterobacteriales","Enterobacteriaceae",NA,NA,NA
746,"Zotu48","Bacteroidetes","Bacteroidia","Chitinophagales","Chitinophagaceae","Flavitalea","Flavitalea gansuensis",NA
747,"Zotu51","Actinobacteria","Actinobacteria","Streptomycetales","Streptomycetaceae","Streptomyces",NA,NA
748,"Zotu52","Planctomycetes","Phycisphaerae","Tepidisphaerales","WD2101 soil group","planctomycete WWH14",NA,NA
749,"Zotu57","Proteobacteria","Gammaproteobacteria","Enterobacteriales","Enterobacteriaceae",NA,NA,NA
750,"Zotu59","Proteobacteria","Alphaproteobacteria","Micropepsales","Micropepsaceae","uncultured",NA,NA
751,"Zotu63","Acidobacteria","Acidobacteriia","Acidobacteriales",NA,NA,NA,NA
752,"Zotu68","Bacteroidetes","Bacteroidia","Chitinophagales","Chitinophagaceae","uncultured","uncultured Terrimonas sp.",NA
753,"Zotu73","Acidobacteria","Acidobacteriia","Acidobacteriales","uncultured",NA,NA,NA
754,"Zotu76","Acidobacteria","Blastocatellia (Subgroup 4)","Pyrinomonadales","Pyrinomonadaceae","RB41",NA,NA
755,"Zotu8","Proteobacteria","Gammaproteobacteria","Betaproteobacteriales","Burkholderiaceae","Burkholderia-Caballeronia-Paraburkholderia",NA,NA
756,"Zotu9","Bacteroidetes","Bacteroidia","Flavobacteriales","Weeksellaceae","Chryseobacterium",NA,NA
